model,ratio,qp,seed,epochs,batch_size,lr,subset_seed,max_train_patches,n_train,n_train_available,n_valid,n_test,params,flops_per_pixel,mse_baseline,mse_restored,mse_reduction_pct,psnr_baseline,psnr_restored,psnr_gain_db,ssim_baseline,ssim_restored,ssim_gain,final_train_mse,final_val_mse,train_seconds
A,2by1,20,0,6,256,0.001,0,16384,16384,271788,4096,34635,24953,49770.0,0.0009513515101752207,0.000809202333172642,14.941814406369893,30.216589880853412,30.919428736983868,0.7028388561304553,0.8867885657292228,0.8950474804547045,0.00825891472548168,0.000907610398523199,0.0009306531347748307,309.8499518939998
A,2by1,30,0,6,256,0.001,0,16384,16384,271240,4096,34635,24953,49770.0,0.0010859239185217343,0.0009511972113811553,12.406643305544108,29.642006010120312,30.217294316058826,0.5752883059385141,0.8618429481656157,0.8692887095132825,0.007445761347666835,0.0009962012789199231,0.0010580570314131263,279.9426032629999
A,2by1,40,0,6,256,0.001,0,16384,16384,270994,4096,34635,24953,49770.0,0.0014692443196938742,0.0013524225264953526,7.951148194526432,28.32905979654145,28.688876040618794,0.3598162440773436,0.8106942704373297,0.8166200588993987,0.005925788462069037,0.0013672001676038941,0.0015231888133308126,282.1661310470008
A,2by1,50,0,6,256,0.001,0,16384,16384,270935,4096,34635,24953,49770.0,0.0022601334288974385,0.002164149412918959,4.246829623032619,26.45865921151996,26.647127588306248,0.18846837678628603,0.7396974463265741,0.7446647452558923,0.004967298929318242,0.0022236476328948308,0.0023293526869060267,329.7188778159998
A,2by1,50,1,6,256,0.001,0,16384,16384,270935,4096,34635,24953,49770.0,0.0022601334288974385,0.002161957249299176,4.34382228690613,26.45865921151996,26.651528980686617,0.19286976916665566,0.7396974463265741,0.7448473685853473,0.0051499222587731985,0.002220045765473818,0.0023265440767217013,319.13152873499894
A,2by1,50,2,6,256,0.001,0,16384,16384,270935,4096,34635,24953,49770.0,0.0022601334288974385,0.0021647077430202027,4.222126209769274,26.45865921151996,26.646007294082345,0.18734808256238367,0.7396974463265741,0.744628276566774,0.004930830240199913,0.0022225671952279904,0.002331509571781175,326.57844530200055
A,8by5,20,0,6,256,0.001,0,16384,16384,270840,4096,34635,24953,49770.0,0.000564799119570888,0.00047697298200535533,15.549977774798846,32.4810598894953,33.21506220746695,0.734002317971651,0.9219840755647771,0.9268073507689714,0.004823275204194233,0.0005346851620642054,0.0004003827974277859,338.62496155700137
A,8by5,30,0,6,256,0.001,0,16384,16384,271117,4096,34635,24953,49770.0,0.0006892133059872699,0.0006049067174528549,12.232292644676845,31.61646346631634,32.18311592651669,0.566652460200352,0.897095544421799,0.9015887000701108,0.004493155648311875,0.000642728132435069,0.0006204354754623233,288.19992023099985
A,8by5,40,0,6,256,0.001,0,16384,16384,270396,4096,34635,24953,49770.0,0.0010354122062189428,0.0009560899425036687,7.660935735434155,29.84886719533528,30.195012503016706,0.34614530768142515,0.8471819731787507,0.851026488387168,0.0038445152084173317,0.00099614108815634,0.0010191923324277417,308.85737692600014
A,8by5,50,0,6,256,0.001,0,16384,16384,271710,4096,34635,24953,49770.0,0.0017486966685053339,0.0016823075597605932,3.7964908345988637,27.572855173475958,27.740946034867665,0.1680908613917076,0.7751382571798506,0.7784643096394177,0.003326052459567075,0.0017272877901430344,0.001866329771776994,297.28749159200015
B,2by1,20,0,6,256,0.001,0,16384,16384,271788,4096,34635,20327,40381.0,0.0009513515101752207,0.0008298920419607183,12.767044243418704,30.216589880853412,30.809783999494726,0.5931941186413141,0.8867885657292228,0.8936822777529082,0.006893712023685383,0.0009275767208439194,0.0009462597566501548,471.29140867900014
B,2by1,30,0,6,256,0.001,0,16384,16384,271240,4096,34635,20327,40381.0,0.0010859239185217343,0.0009747663995725414,10.236216097027443,29.642006010120312,30.11099449462421,0.4689884845038996,0.8618429481656157,0.8673583956204144,0.005515447454798705,0.0010171953132764127,0.0010846552969370452,456.1512246249995
B,2by1,40,0,6,256,0.001,0,16384,16384,270994,4096,34635,20327,40381.0,0.0014692443196938742,0.0013665643797685148,6.98862255576073,28.32905979654145,28.64369903583761,0.31463923929615945,0.8106942704373297,0.8157476902504414,0.0050534198131116925,0.0013828874135571015,0.001538763815511225,476.20317475199954
B,2by1,50,0,6,256,0.001,0,16384,16384,270935,4096,34635,20327,40381.0,0.0022601334288974385,0.0021866613468462647,3.2507851577159186,26.45865921151996,26.602184719163144,0.14352550764318295,0.7396974463265741,0.7433107869312454,0.0036133406046713334,0.0022433786620644647,0.002348999292331023,520.3416353620014
B,2by1,50,1,6,256,0.001,0,16384,16384,270935,4096,34635,20327,40381.0,0.0022601334288974385,0.002191673547398773,3.0290194651057574,26.45865921151996,26.5922413409355,0.13358212941554015,0.7396974463265741,0.7431045951619812,0.003407148835407159,0.0022494577343523917,0.0023492493071696824,471.4922025219985
B,2by1,50,2,6,256,0.001,0,16384,16384,270935,4096,34635,20327,40381.0,0.0022601334288974385,0.0021987710461239614,2.7149893890738803,26.45865921151996,26.578199905490326,0.11954069397036449,0.7396974463265741,0.7424300181160398,0.002732571789465732,0.002251693969204401,0.002360414416115317,493.915127491
B,8by5,20,0,6,256,0.001,0,16384,16384,270840,4096,34635,20327,40381.0,0.000564799119570888,0.0005026565887285573,11.002589892410613,32.4810598894953,32.987286204208914,0.506226314713615,0.9219840755647771,0.9249563601811305,0.002972284616353349,0.0005608162892814209,0.0004155966631110965,585.8942496749987
B,8by5,30,0,6,256,0.001,0,16384,16384,271117,4096,34635,20327,40381.0,0.0006892133059872699,0.000624526244861468,9.385637300362367,31.61646346631634,32.04449306274605,0.4280295964297096,0.897095544421799,0.9002420804211829,0.0031465359993839703,0.0006601898033598749,0.0006379067555018184,457.3168694679989
B,8by5,40,0,6,256,0.001,0,16384,16384,270396,4096,34635,20327,40381.0,0.0010354122062189428,0.0009742518109453168,5.90686442619485,29.84886719533528,30.113287782652417,0.2644205873171366,0.8471819731787507,0.8500424902604103,0.002860517081659686,0.0010127724073956618,0.0010345792753570196,455.4952382779993
B,8by5,50,0,6,256,0.001,0,16384,16384,271710,4096,34635,20327,40381.0,0.0017486966685053339,0.001693535547379046,3.154413347938481,27.572855173475958,27.71205683065089,0.13920165717493305,0.7751382571798506,0.7778013801660432,0.0026631229861925343,0.0017403164787942336,0.001876095458606465,489.95581435799977
C,2by1,20,0,6,256,0.001,0,16384,16384,271788,4096,34635,24607,23307.0,0.0009513515101752207,0.0008489308571859575,10.765805477136333,30.216589880853412,30.711276802689177,0.4946869218357648,0.8867885657292228,0.892434638271828,0.005646072542605185,0.0009417689507245086,0.0009579527347038189,228.6245292220001
C,2by1,30,0,6,256,0.001,0,16384,16384,271240,4096,34635,24607,23307.0,0.0010859239185217343,0.0009867540443903847,9.132304062917166,29.642006010120312,30.05791084894112,0.41590483882080775,0.8618429481656157,0.867248578630123,0.005405630464507261,0.0010260327002874368,0.0010981141660724664,231.3242607229995
C,2by1,40,0,6,256,0.001,0,16384,16384,270994,4096,34635,24607,23307.0,0.0014692443196938742,0.0013836013324405626,5.829050084138205,28.32905979654145,28.589890284216935,0.26083048767548433,0.8106942704373297,0.8148343579562194,0.0041400875188897235,0.001394096260709274,0.0015511116297501656,237.8062504089994
C,2by1,50,0,6,256,0.001,0,16384,16384,270935,4096,34635,24607,23307.0,0.0022601334288974385,0.0021927671912461235,2.9806310012492614,26.45865921151996,26.59007475447107,0.1314155429511068,0.7396974463265741,0.7430429792769793,0.0033455329504051834,0.002250758378067985,0.002351950045623299,259.24047639699893
C,2by1,50,1,6,256,0.001,0,16384,16384,270935,4096,34635,24607,23307.0,0.0022601334288974385,0.002197926688172905,2.7523481547228683,26.45865921151996,26.579867975599136,0.12120876407917436,0.7396974463265741,0.7427990036167892,0.0031015572902151067,0.0022572009895359063,0.0023568781131568053,265.4420132129999
C,2by1,50,2,6,256,0.001,0,16384,16384,270935,4096,34635,24607,23307.0,0.0022601334288974385,0.00220168500661934,2.586060695832956,26.45865921151996,26.572448150974722,0.11378893945476065,0.7396974463265741,0.7426307596907608,0.0029333133641866738,0.002260515828513437,0.002361180513010671,263.7822359790007
C,8by5,20,0,6,256,0.001,0,16384,16384,270840,4096,34635,24607,23307.0,0.000564799119570888,0.0005055822304595321,10.484593027755876,32.4810598894953,32.96208198469712,0.4810220952018227,0.9219840755647771,0.9250603704343904,0.0030762948696132497,0.0005651404224206797,0.0004190825129626319,257.97584925499905
C,8by5,30,0,6,256,0.001,0,16384,16384,271117,4096,34635,24607,23307.0,0.0006892133059872699,0.0006336578385989449,8.060707317416636,31.61646346631634,31.98145188366273,0.36498841734638887,0.897095544421799,0.8999410335757674,0.002845489153968428,0.0006709877796108938,0.000645387183693755,247.0407955189985
C,8by5,40,0,6,256,0.001,0,16384,16384,270396,4096,34635,24607,23307.0,0.0010354122062189428,0.0009801406426382109,5.3381216918978955,29.84886719533528,30.087116019205588,0.23824882387030755,0.8471819731787507,0.8498282779237728,0.0026463047450221433,0.0010183573694020095,0.0010391388301892828,249.95554845199877
C,8by5,50,0,6,256,0.001,0,16384,16384,271710,4096,34635,24607,23307.0,0.0017486966685053339,0.0017032990311445803,2.596084168191179,27.572855173475958,27.687091006131084,0.11423583265512605,0.7751382571798506,0.7774381399569273,0.0022998827770767116,0.001747580793259355,0.0018834439429661466,247.028756366999
D,2by1,20,0,6,256,0.002,0,16384,16384,271788,4096,34635,17367,16455.0,0.0009513515101752207,0.0009021270415028605,5.174162036416382,30.216589880853412,30.447322988897653,0.23073310804424096,0.8867885657292228,0.8887803229561426,0.001991757226919799,0.0009930440994341755,0.0009989251815972643,224.9807249659998
D,2by1,30,0,6,256,0.002,0,16384,16384,271240,4096,34635,17367,16455.0,0.0010859239185217343,0.0010400559072082092,4.2238696957670046,29.642006010120312,29.829433149902265,0.1874271397819527,0.8618429481656157,0.8637060993223284,0.0018631511567127612,0.0010730246932426882,0.0011486751932857765,247.98670327699983
D,2by1,40,0,6,256,0.002,0,16384,16384,270994,4096,34635,17367,16455.0,0.0014692443196938742,0.0014264954233375092,2.9095839121754774,28.32905979654145,28.457296173629885,0.1282363770884345,0.8106942704373297,0.8124473639857878,0.0017530935484580956,0.0014342605103997306,0.001595272301023619,258.0773025999988
D,2by1,50,0,6,256,0.002,0,16384,16384,270935,4096,34635,17367,16455.0,0.0022601334288974385,0.002230508333489263,1.310767542721026,26.45865921151996,26.515961498347647,0.05730228682768512,0.7396974463265741,0.7406425400777051,0.0009450937511310542,0.0022796769691113797,0.0023891099974409575,254.63153857899852
D,2by1,50,1,6,256,0.002,0,16384,16384,270935,4096,34635,17367,16455.0,0.0022601334288974385,0.0022045889573689345,2.4575748855500215,26.45865921151996,26.566723722674666,0.10806451115470495,0.7396974463265741,0.7417025848632594,0.002005138536685269,0.0022614662011619657,0.002360613596263445,270.7871305379995
D,2by1,50,2,6,256,0.002,0,16384,16384,270935,4096,34635,17367,16455.0,0.0022601334288974385,0.0022169232871860527,1.9118402992899857,26.45865921151996,26.542493346384223,0.0838341348642615,0.7396974463265741,0.7417450380612742,0.0020475917347001493,0.0022719506782272626,0.002377525185390065,256.4802819939978
D,8by5,20,0,6,256,0.002,0,16384,16384,270840,4096,34635,17367,16455.0,0.000564799119570888,0.0005417371656195446,4.083213509409316,32.4810598894953,32.66211368825193,0.1810537987566292,0.9219840755647771,0.9227892913940993,0.0008052158293221368,0.0005984757566087259,0.00044064181242396846,321.00060661300085
D,8by5,30,0,6,256,0.002,0,16384,16384,271117,4096,34635,17367,16455.0,0.0006892133059872699,0.0006743736269751784,2.1531329826597325,31.61646346631634,31.71099422195755,0.09453075564120894,0.897095544421799,0.8976064299143384,0.0005108854925394146,0.0007062103662368221,0.000679306369016154,267.5085021679988
D,8by5,40,0,6,256,0.002,0,16384,16384,270396,4096,34635,17367,16455.0,0.0010354122062189428,0.0010230670729785962,1.1922916463799391,29.84886719533528,29.900958927105226,0.05209173176994497,0.8471819731787507,0.847312835187201,0.0001308620084503609,0.0010566896881856439,0.001071720946735392,279.79704145100186
D,8by5,50,0,6,256,0.002,0,16384,16384,271710,4096,34635,17367,16455.0,0.0017486966685053339,0.0017322018442105346,0.9432638942977958,27.572855173475958,27.614015033582934,0.041159860106976254,0.7751382571798506,0.7758278529075346,0.0006895957276840115,0.0017727114722624214,0.0019081623759120703,272.15012765699794
E,2by1,20,0,6,256,0.002,0,16384,16384,271788,4096,34635,8277,9028.0,0.0009513515101752207,0.0008460578023348984,11.06780266958626,30.216589880853412,30.725999651199054,0.5094097703456413,0.8867885657292228,0.8924605908820993,0.005672025152876459,0.0009410201706082767,0.0009552529017027053,343.64256692100025
E,2by1,30,0,6,256,0.002,0,16384,16384,271240,4096,34635,8277,9028.0,0.0010859239185217343,0.0009821721203892634,9.554241909848345,29.642006010120312,30.07812397767992,0.43611796755960697,0.8618429481656157,0.8670752882026661,0.00523234003705042,0.0010208557667081347,0.0010873925801004386,355.1331158950006
E,2by1,40,0,6,256,0.002,0,16384,16384,270994,4096,34635,8277,9028.0,0.0014692443196938742,0.0013752221998788482,6.39935227618345,28.32905979654145,28.616271255537967,0.28721145899651646,0.8106942704373297,0.8155244335004413,0.004830163063111681,0.0013880725455237553,0.0015412017366745407,478.0632441830003
E,2by1,50,0,6,256,0.002,0,16384,16384,270935,4096,34635,8277,9028.0,0.0022601334288974385,0.0021847591479405982,3.334948281952103,26.45865921151996,26.60596433515451,0.14730512363454906,0.7396974463265741,0.743361783876569,0.003664337549994956,0.0022393831184470197,0.0023440592469544047,397.0392251159974
E,2by1,50,1,6,256,0.002,0,16384,16384,270935,4096,34635,8277,9028.0,0.0022601334288974385,0.0021794292466951093,3.5707706974494484,26.45865921151996,26.616572254160427,0.15791304264046602,0.7396974463265741,0.7439305617304369,0.004233115403862842,0.0022355646004952076,0.002337848580080188,374.24592777999715
E,2by1,50,2,6,256,0.002,0,16384,16384,270935,4096,34635,8277,9028.0,0.0022601334288974385,0.002189472013953851,3.1264266985360307,26.45865921151996,26.596606016310655,0.137946804790694,0.7396974463265741,0.7430478779779844,0.003350431651410357,0.0022411185782402754,0.00234841404017061,364.23088261799785
E,8by5,20,0,6,256,0.002,0,16384,16384,270840,4096,34635,8277,9028.0,0.000564799119570888,0.000511049243042184,9.516636033275157,32.4810598894953,32.91537250645879,0.43431261696348855,0.9219840755647771,0.9245529998036531,0.0025689242388760025,0.0005648448536198379,0.0004189208654376368,380.73525986200184
E,8by5,30,0,6,256,0.002,0,16384,16384,271117,4096,34635,8277,9028.0,0.0006892133059872699,0.0006310545655857883,8.438423909731622,31.61646346631634,31.999330868600666,0.3828674022843259,0.897095544421799,0.8999559015211008,0.00286035709930188,0.0006662676896667108,0.000642443649768312,398.9410724929985
E,8by5,40,0,6,256,0.002,0,16384,16384,270396,4096,34635,8277,9028.0,0.0010354122062189428,0.0009794886375157818,5.401092276802432,29.84886719533528,30.09000597640474,0.24113878106945918,0.8471819731787507,0.8497842190104168,0.002602245831666128,0.001017801888843274,0.0010377209077382253,384.7971251679992
E,8by5,50,0,6,256,0.002,0,16384,16384,271710,4096,34635,8277,9028.0,0.0017486966685053339,0.0016933825808789491,3.1631608055651785,27.572855173475958,27.71244911947771,0.139593946001753,0.7751382571798506,0.7780733920934629,0.002935134913612303,0.0017356306763960877,0.001874388706508196,394.96349282899973
